omschrijving,categorie
A VOGEL,persoonlijke verzorging
AARDAPPEL,groente
AARDAPPELEN,groente
AARTS FRUIT,fruit
AFVALZAKKEN,huishouden & schoonmaak
AH AM COOKIE,snoep & snacks
AH BABA GAN,broodbeleg
AH BAMI,"kruiden, olie en condimenten"
AH BASMATI,pasta en rijst
AH BIO BOL,brood & bakkerij
AH BIO COUSC,pasta en rijst
AH BIO FARFA,pasta en rijst
AH BIO FSLLI,pasta en rijst
AH BIO KOKOS,zuivel
AH BIO LIMOE,fruit
AH BIO MACAR,pasta en rijst
AH BIO ONTBI,ontbijt
AH BIO ORZO,pasta en rijst
AH BIO PEER,fruit
AH BIO PENNE,pasta en rijst
AH BIO PIZZA,kant en klaar
AH BIO PUREE,kant en klaar
AH BIO RIJST,pasta en rijst
AH BIO SIR,dranken
AH BIO SIROO,dranken
AH BIO SOEP,kant en klaar
AH BIO TIJM,"kruiden, olie en condimenten"
AH BIO ZALM,huisdieren
AH BOONTJES,groente
AH BOSUI,groente
AH BOTERHAMW,broodbeleg
AH BOUILLON,"kruiden, olie en condimenten"
AH BRIOCHE,brood & bakkerij
AH BULGUR,pasta en rijst
AH CHEESEDIP,sauzen
AH CIDRAZIJN,"kruiden, olie en condimenten"
AH COUSCOUS,pasta en rijst
AH CRISPS,groente
AH FILET AM,broodbeleg
AH FRIES ROG,brood & bakkerij
AH FRIET,groente
AH FRITES,groente
AH GER HAM,broodbeleg
AH GURT BIO,zuivel
AH HAGELSLAG,broodbeleg
AH HAM,broodbeleg
AH HONING,broodbeleg
AH HUMMUS,broodbeleg
AH HUMMUS ZO,broodbeleg
AH JALAPENOS,groente
AH KATTENBAK,huisdieren
AH KETCHUP,sauzen
AH KIP SOEP,kant en klaar
AH KIPBRAADW,broodbeleg
AH KIPS CUR,broodbeleg
AH KRIELTJES,groente
AH KROKETJES,groente
AH KWARQ,zuivel
AH LASAGNE,pasta en rijst
AH LEKKER OP,zuivel
AH MAANVERB,persoonlijke verzorging
AH MAYO,sauzen
AH MIENESTJE,pasta en rijst
AH NAT AZIJN,"kruiden, olie en condimenten"
AH NOEDELS,pasta en rijst
AH PAASEI,snoep & snacks
AH PASSATA,"kruiden, olie en condimenten"
AH PASSATA B,"kruiden, olie en condimenten"
AH PASTA,pasta en rijst
AH PEULEN,groente
AH PINDAKAAS,broodbeleg
AH PIZZA,kant en klaar
AH PIZZA SAL,kant en klaar
AH RADIJS,groente
AH ROAST HAM,broodbeleg
AH ROZE KOEK,snoep & snacks
AH SALADE,groente
AH SALAMI,broodbeleg
AH SAUSMIX,sauzen
AH SCHELPEN,ontbijt
AH SCHEPIJS,snoep & snacks
AH SCHIJFJES,groente
AH SEIT KEB,vlees & vleesvervangers
AH SOJAKEUK,zuivel
AH SOUR CR,zuivel
AH SOYA GURT,zuivel
AH STROOP,broodbeleg
AH SUIKER,bakwaren
AH TIJGERBOL,brood & bakkerij
AH TOM PUREE,"kruiden, olie en condimenten"
AH VEGA KIP,vlees & vleesvervangers
AH VELDSLA,groente
AH VVP HAGEL,broodbeleg
AH WORTELEN,groente
AH YORKHAM,broodbeleg
AH ZUIVELSPR,broodbeleg
AHKEUKENZOUT,"kruiden, olie en condimenten"
ALWAYS ULTRA,persoonlijke verzorging
AMAI KIKERWT,groente
AMAI ZW BOON,groente
AMAND,snoep & snacks
APPELAZIJN,"kruiden, olie en condimenten"
APPELMOES,bakwaren
APPELMOES 0%,bakwaren
APPELSIENTJE,dranken
APPELSTROOP,broodbeleg
AVIKO AARD,groente
AVIKO FRITES,groente
AZIJN,"kruiden, olie en condimenten"
BACKIN,bakwaren
BAKKERSBOL V,brood & bakkerij
BAKKERSBROOD,brood & bakkerij
BALI KROEPOE,snoep & snacks
BALLON,huishouden & schoonmaak
BAMI GORENG,"kruiden, olie en condimenten"
BAST SUIKER,bakwaren
BEN & JERRYS,snoep & snacks
BERTOLLI,"kruiden, olie en condimenten"
BIO AARDAPPE,groente
BIO APPELM,bakwaren
BIO APPELTJ,fruit
BIO BIESLOOK,groente
BIO BL BES,fruit
BIO BLOEM,bakwaren
BIO BRIE,zuivel
BIO DADELS,fruit
BIO FARFALLE,pasta en rijst
BIO HAVER,zuivel
BIO HUMMUS,broodbeleg
BIO KETCHUP,sauzen
BIO KIPFILET,broodbeleg
BIO KOEKJES,snoep & snacks
BIO KRIEL,groente
BIO MACARONI,pasta en rijst
BIO MAISKORR,groente
BIO MANDARYN,fruit
BIO MINI CRA,brood & bakkerij
BIO MUNT POT,"kruiden, olie en condimenten"
BIO ORZO,pasta en rijst
BIO PASSATA,"kruiden, olie en condimenten"
BIO PENNE,pasta en rijst
BIO POMPOEN,groente
BIO QUINOA,pasta en rijst
BIO ROMASLA,groente
BIO SALAMI,broodbeleg
BIO SINAASAP,dranken
BIO SPAGHETT,pasta en rijst
BIO STOKBR,brood & bakkerij
BIO SUIKER,bakwaren
BIO VELDSLA,groente
BIO ZON OLIE,"kruiden, olie en condimenten"
BLADERDEEG,bakwaren
BLUE B PLANT,zuivel
BLUE BAND,zuivel
BONNE MAMAN,broodbeleg
BONNEMAMAN,broodbeleg
BOTERBONEN,groente
BOUILLON,"kruiden, olie en condimenten"
BR GARAG BIO,broodbeleg
BRAADWORST,broodbeleg
BRIE PRESID,zuivel
CALVE MAYO,sauzen
CANNELINI,pasta en rijst
CARE MAANDVB,persoonlijke verzorging
CARIBEAN GLD,bakwaren
CASHEW,snoep & snacks
CASSAVE KROE,snoep & snacks
CHILI SAUS,sauzen
CHIO ORIG,snoep & snacks
CITROENSAP,bakwaren
COCO POPS,ontbijt
COCONUTMILK,zuivel
CON BOEMBOE,"kruiden, olie en condimenten"
CON NOEDELS,pasta en rijst
CONFERENCE,fruit
CORNETTO,snoep & snacks
CURRY,"kruiden, olie en condimenten"
DAVITAMON,persoonlijke verzorging
DE BONEN GP,dranken
DE RUIJTER,broodbeleg
DES STOKBR,brood & bakkerij
DONUT SUIKER,snoep & snacks
DONUTS,snoep & snacks
DUBBELDRANK,dranken
DUREX,persoonlijke verzorging
EGG NOODLES,pasta en rijst
EIWIT FLATBR,brood & bakkerij
ERWTENSOEP,kant en klaar
EUR ITAL KRD,"kruiden, olie en condimenten"
FAIRT ANANAS,fruit
FELIX,huisdieren
FELIX DOOS,huisdieren
FELIX GELEI,huisdieren
FELIX JUNIOR,huisdieren
FILET AMERIC,broodbeleg
FLESPOM BIO,groente
FLEVOSAP,dranken
FR BAGUETTES,brood & bakkerij
FRIS FABRIEK,dranken
FRITUUROLIE,"kruiden, olie en condimenten"
FRITZ KOLA,dranken
FRITZ ORANGE,dranken
FTO ANANASST,fruit
FUSILLI,pasta en rijst
GALETTEWAFEL,snoep & snacks
GEHACKTBAL,vlees & vleesvervangers
GEK WORST,broodbeleg
GEVULDE KOEK,snoep & snacks
GI GNOCCHI,pasta en rijst
GI LASAGNE,pasta en rijst
GI TAGLIATEL,pasta en rijst
GNOCCHI,pasta en rijst
GO-TAN NOODL,pasta en rijst
GOUDSALAMI,broodbeleg
GR LNZ,groente
GRAANONTBIJT,ontbijt
GRAPEFRUIT,fruit
GRILLWORST,broodbeleg
GROENE PESTO,"kruiden, olie en condimenten"
GROV MOSTERD,sauzen
HAGEL MELK,broodbeleg
HAGELSLAG,broodbeleg
HAK ERWTEN,groente
HAKU NOODLES,pasta en rijst
HAMB BR GR,brood & bakkerij
HAPPY SOCKS,persoonlijke verzorging
HARISSA,"kruiden, olie en condimenten"
HEEL BAKKERS,brood & bakkerij
HEINZ GEZEEF,groente
HEINZ KETCH,sauzen
HEINZ TOMATO,sauzen
HELLMANNS,sauzen
HET SAPGILDE,dranken
HNZ KETCHUP,sauzen
HONING,broodbeleg
HOUTSKOOL,overig
HUMMUS NATU,broodbeleg
ITALIAANSE,"kruiden, olie en condimenten"
JOHMA SALADE,broodbeleg
JONAGOLD,fruit
KAASSCHNITZ,vlees & vleesvervangers
KAISER VOLK,brood & bakkerij
KALKOENFILET,broodbeleg
KAMILLE,dranken
KAPPERTJES,"kruiden, olie en condimenten"
KETJAP MANIS,"kruiden, olie en condimenten"
KEUKENSTROOP,broodbeleg
KIPPENSOEP,kant en klaar
KIPS,broodbeleg
KOH TH RICE,pasta en rijst
KOKOSBROOD,snoep & snacks
KOKOSOLIE,"kruiden, olie en condimenten"
KR LEVERWORS,broodbeleg
LED STOMPKAA,huishouden & schoonmaak
LEVERWORST,broodbeleg
LIMA BONEN,groente
MAGNUM PINT,snoep & snacks
MAILLE DIJON,sauzen
MAIZENA,"kruiden, olie en condimenten"
MAOAM BLOXX,snoep & snacks
MAPLE BIO,bakwaren
MAPLE GOLD,bakwaren
MOSTERDZAAD,"kruiden, olie en condimenten"
MUTTI DUBBEL,"kruiden, olie en condimenten"
MUTTI PULP,groente
MUTTI TUBE,"kruiden, olie en condimenten"
NOCCIOLA BIO,broodbeleg
NOMAD FLEECE,persoonlijke verzorging
OETKER PIZZA,kant en klaar
OLIJFOLIE,"kruiden, olie en condimenten"
OLIJFOLIE EV,"kruiden, olie en condimenten"
OREGANO,"kruiden, olie en condimenten"
PANDANRIJST,pasta en rijst
PANEERMEEL,bakwaren
PANNENSPONS,huishouden & schoonmaak
PARADONTAX,persoonlijke verzorging
PASSATA DI P,"kruiden, olie en condimenten"
PASSIEVRBLOK,fruit
PASTASAUS,sauzen
PATAK SWEET,"kruiden, olie en condimenten"
PATTEX LIJM,huishouden & schoonmaak
PESTO ALLA G,"kruiden, olie en condimenten"
PESTO GENOVE,"kruiden, olie en condimenten"
PESTO VEGAN,"kruiden, olie en condimenten"
PETIT STOKBR,brood & bakkerij
PHILADELPHIA,broodbeleg
PHILIPS,huishouden & schoonmaak
PINDAKAAS,broodbeleg
PIZZA SCHEP,huishouden & schoonmaak
PIZZADEEG,kant en klaar
PL FIL AMER,broodbeleg
PLANT HUMMUS,broodbeleg
POEDERSUIKER,bakwaren
POMMES GOURM,groente
PRETZEL,snoep & snacks
PRINCE,snoep & snacks
REDBAND,snoep & snacks
REMIA,sauzen
RIJSTDRINK,zuivel
RIJSTOLIE,"kruiden, olie en condimenten"
RISOTTORIJST,pasta en rijst
ROBUUST STOK,brood & bakkerij
RODE LNZ,groente
RODE PESTO,"kruiden, olie en condimenten"
ROMAATJES,groente
ROND WIT HL,brood & bakkerij
ROOD FRUIT,fruit
ROYAL TOMATE,groente
ROZE KOEKEN,snoep & snacks
RUIMTEIJSJES,snoep & snacks
SAI NOODLES,pasta en rijst
SALSA MED,sauzen
SAMBAL SURIN,"kruiden, olie en condimenten"
SAPGILDE,dranken
SAUCIJZEN BR,brood & bakkerij
SCHENKSTROOP,broodbeleg
SCHIMMELREIN,huishouden & schoonmaak
SCHOUDERHAM,broodbeleg
SERVET NUTTC,huishouden & schoonmaak
SKUUMKOPPE,dranken
SLAGERSROOKW,broodbeleg
SNICKERS,snoep & snacks
SNICKERS 7-P,snoep & snacks
SOEP IN ZAK,kant en klaar
SOEPSTENGELS,snoep & snacks
SOJA KEUKEN,zuivel
SPRINGTIJ,dranken
STEENGEMALEN,bakwaren
STEGEMAN,broodbeleg
STOK VOLK,brood & bakkerij
STUDENTHVR,snoep & snacks
SULTANA,snoep & snacks
SWIRL ZAKKEN,huishouden & schoonmaak
TACO SCHELP,pasta en rijst
TAGLIATELLE,pasta en rijst
TAPASSCHOTEL,vlees & vleesvervangers
TARWEBLOEM,bakwaren
TARWEMEEL,bakwaren
TERRA SOJA,zuivel
TERRA SPREAD,broodbeleg
THEEWORST,broodbeleg
TIJM,"kruiden, olie en condimenten"
TORTILL SALT,snoep & snacks
TRIANGEL,brood & bakkerij
TRIPEL KARME,dranken
TROSTOM BIO,groente
TUC PAPRIKA,snoep & snacks
TURKS BROODJ,brood & bakkerij
TYRRELLS,snoep & snacks
UDON NOODLES,pasta en rijst
UNOX SIZ,kant en klaar
UNOX SOEP,kant en klaar
VAATDOEK,huishouden & schoonmaak
VANILLA EXTR,bakwaren
VANILLA STOK,bakwaren
VENZ VLOKKEN,broodbeleg
VERKADE LTR,snoep & snacks
VERSTEGEN,"kruiden, olie en condimenten"
VLOER MRG,brood & bakkerij
WAGNER PIZZA,kant en klaar
WALNOT,snoep & snacks
WHISKAS,huisdieren
WILHELMINA,snoep & snacks
WITTE PUNTJE,brood & bakkerij
WRATTENPEN,persoonlijke verzorging
YONI MAANDVB,persoonlijke verzorging
ZAANS HUISJE,snoep & snacks
ZAANSE MAYO,sauzen
ZADENCRACKRS,brood & bakkerij
ZK KANEELST,bakwaren
ZK OREGANO,"kruiden, olie en condimenten"
ZK STERANIJS,"kruiden, olie en condimenten"
ZK ZWART PEP,"kruiden, olie en condimenten"
ZON BOUILLON,"kruiden, olie en condimenten"
ZONNEBL OLIE,"kruiden, olie en condimenten"
