omschrijving,subcategorie
AARDBEI NED,aardbeien
AFVALZAKKEN,schoonmaakspullen
AH BABA GAN,smeermeuk
AH BALLETJES,niet vlees
AH BAPAO,tussendoor
AH BASMATI,rijst
AH BIO APPEL,appels
AH BIO BES,bessen
AH BIO CITR,citrusvruchten
AH BIO FARFA,pasta
AH BIO FETA,kaas
AH BIO FSLLI,pasta
AH BIO KAAS,kaas
AH BIO KIP,vlees
AH BIO KIPFI,vlees
AH BIO MACAR,pasta
AH BIO MELK,melk
AH BIO ONTBI,havermout
AH BIO PEEN,wortels
AH BIO PENNE,pasta
AH BIO PIZZA,pizza
AH BIO RIJST,rijst
AH BIO SOEP,soep
AH BIO TIJM,kruiden
AH BIO YOGH,yoghurt
AH BIOGEMBER,verse kruiden
AH BOTERHAMW,vleesbeleg
AH BOUILLON,bouillon
AH CHORIZO,tussendoor
AH CIDRAZIJN,azijn
AH DILLE,verse kruiden
AH EIEREN,eieren
AH FILET AM,vleesbeleg
AH FLAKES,cornflakes
AH FRAMBOZEN,bessen
AH FRANKFURT,vlees
AH FRIES ROG,brood
AH FRIKANDEL,vlees
AH GER HAM,vleesbeleg
AH GER ZALM,vis
AH GOUDSE,kaas
AH HAGELSLAG,hagelslag
AH HAM,vleesbeleg
AH HAMBURGER,vlees
AH HAVERDR,niet-melk
AH HAVERMOUT,havermout
AH HONING,honing en stroop
AH HUMMUS,smeermeuk
AH HUMMUS ZO,smeermeuk
AH KAAS,kaas
AH KALKOENFI,vlees
AH KATJAN,noten
AH KATJANG P,noten
AH KETCHUP,ketchup
AH KIP SOEP,soep
AH KIPBRAADW,vleesbeleg
AH KIPFILET,vlees
AH KIPS CUR,smeermeuk
AH KIPSTUKJE,niet vlees
AH KOFFIEFIL,koffiefilters
AH KR MUESLI,muesli en cruesli
AH LASAGNE,pasta
AH MAANDVERB,maandverband
AH MARGARINE,boter
AH MAYO,mayonaisse
AH MIENESTJE,noodles
AH MOZZARELL,kaas
AH MUESLI,muesli en cruesli
AH NAT AZIJN,azijn
AH NOEDELS,noodles
AH PAPIER,schoonmaakspullen
AH PASTA,pasta
AH PINDAKAAS,pindakaas
AH PIZZA,pizza
AH PIZZA SAL,pizza
AH PLANT HAM,niet vlees
AH RASP,kaas
AH REINIGER,schoonmaakspullen
AH ROAST HAM,vleesbeleg
AH RULGEHAKT,vlees
AH SALAMI,vleesbeleg
AH SEIT KEB,niet vlees
AH SHOARMA,vlees
AH SPEK,vlees
AH SPEKJES,vlees
AH STROOP,honing en stroop
AH TEMPEH,niet vlees
AH TISSUE,schoonmaakspullen
AH TOFU,niet vlees
AH TOFU BIO,niet vlees
AH TOM PUREE,tomatenmeuk
AH TORT WRAP,wraps
AH VAAT TAB,schoonmaakspullen
AH VAATWAS,schoonmaakspullen
AH VAATWASTB,schoonmaakspullen
AH VEG REEP,niet vlees
AH VEGA KIP,niet vlees
AH VVP HAGEL,hagelslag
AH WORST,vlees
AH WRAPS,wraps
AH YORKHAM,vleesbeleg
AH ZUIVELSPR,smeermeuk
AHKEUKENZOUT,kruiden
ALMHOF KWARK,yoghurt
ALWAYS ULTRA,maandverband
ANDRELON,douche en shampoo
APPELAZIJN,azijn
APPELSTROOP,honing en stroop
ARLA YOGHURT,yoghurt
AZIJN,azijn
BAPAO KIP,tussendoor
BAPAO RUND,tussendoor
BAPAO SATE,tussendoor
BARISTA OAT,niet-melk
BERTOLLI,olie
BEYOND BURG,niet vlees
BEYOND HACK,niet vlees
BEYOND MEAT,niet vlees
BIO BANAAN,bananen
BIO BASILICU,verse kruiden
BIO BLOEM,bloem
BIO FARFALLE,pasta
BIO FUET,tussendoor
BIO HUMMUS,smeermeuk
BIO KALKOEN,vlees
BIO KETCHUP,ketchup
BIO KIPFILET,vleesbeleg
BIO KNOFLOOK,verse kruiden
BIO KOMKOM,komkommer
BIO MACARONI,pasta
BIO MUESLI,muesli en cruesli
BIO MUNT POT,kruiden
BIO PENNE,pasta
BIO RODE PEP,verse kruiden
BIO SALAMI,vleesbeleg
BIO SPAGHETT,pasta
BIO TOFU,niet vlees
BIO ZOMERFR,bessen
BIO ZOMERFRU,bessen
BIO ZON OLIE,olie
BIODRUMSTICK,vlees
BONNE MAMAN,jam
BONNEMAMAN,jam
BOTERBONEN,peulvruchten
BOUILLON,bouillon
BRAADWORST,vleesbeleg
BRINTA,havermout
CALVE MAYO,mayonaisse
CANNELINI,pasta
CARE MAANDVB,maandverband
CARIBEAN GLD,suiker
CHERRYTOMAAT,tomaten
CLIPPER TEA,thee
CLIPPER THEE,thee
COCA-COLA,fris
COCO POPS,cornflakes
CON NOEDELS,noodles
CORDON BLIJ,niet vlees
CORNFLAKES,cornflakes
DE RUIJTER,hagelslag
DZH JONG 48+,kaas
DZH JONG BEL,kaas
ECOVER,schoonmaakspullen
ECOVER AFWAS,schoonmaakspullen
ECOVER PODS,schoonmaakspullen
ECOVER TABS,schoonmaakspullen
EGG NOODLES,noodles
EIEREN BIO,eieren
ELM TANDP,tandpasta
ELMEX TP,tandpasta
ERWTENSOEP,soep
FELIX GELEI,eten
FILET AMERIC,vleesbeleg
FILETSTUKJES,vlees
FILTERZAK1X4,koffiefilters
FINISH VAAT,schoonmaakspullen
FRIKANDELLEN,vlees
FRITUUROLIE,olie
FUSILLI,pasta
GARDEN GOURM,niet vlees
GEHACKTBAL,niet vlees
GEITENKAAS,kaas
GI GNOCCHI,pasta
GI LASAGNE,pasta
GI TAGLIATEL,pasta
GNOCCHI,pasta
GO-TAN NOODL,noodles
GRAANONTBIJT,havermout
GRIEKS STIJL,yoghurt
GRILLWORST,vleesbeleg
GROV MOSTERD,mosterd
HAGEL MELK,hagelslag
HAGELSLAG,hagelslag
HAKU NOODLES,noodles
HAMBURGER,vlees
HARISSA,kruiden
HEINZ KETCH,ketchup
HEINZ TOMATO,ketchup
HELLMANNS,mayonaisse
HERTOG JAN,bier
HNZ KETCHUP,ketchup
HONING,honing en stroop
HOUTSKOOL,overig
HUMMUS NATU,smeermeuk
IBERICO,tussendoor
ITALIAANSE,kruiden
JACKFRUIT NA,niet vlees
JOHMA SALADE,smeermeuk
JW TONIJN,vis
KAASSCHNITZ,niet vlees
KALFSKROKET,vlees
KALKOENFILET,vleesbeleg
KASMI KIP,niet vlees
KELLOGG'S,cornflakes
KEUKENPAPIER,schoonmaakspullen
KEUKENSTROOP,honing en stroop
KIPGEHAKT,vlees
KIPPENSOEP,soep
KIPS,vleesbeleg
KIPSATE,niet vlees
KIPSCHNITZEL,vlees
KIPSTUCKJES,niet vlees
KIPSTUKJES,niet vlees
KOH TH RICE,rijst
KOKOSOLIE,olie
KR LEVERWORS,vleesbeleg
KROK SCHNITZ,niet vlees
KWEKKEB OVEN,niet vlees
L P BOULOGNE,brood
L&P STOK WIT,stokbrood
LECK BURGER,niet vlees
LED STOMPKAA,elektra
LEVERWORST,vleesbeleg
LUXE HAMBURG,niet vlees
MAANDVERBAND,maandverband
MAILLE DIJON,mosterd
MAKREEL OLIE,vis
MAPLE BIO,siroop
MAPLE GOLD,siroop
MELITTA,koffiefilters
MELITTA BAMB,koffiefilters
MORA FRIKAND,vlees
MORA MIN MIX,vlees
MOSTERDZAAD,kruiden
MOZZARELLA,kaas
MUTTI DUBBEL,tomatenmeuk
NIVEA DOUCHE,douche en shampoo
NIVEA SUN,zonnebrand
NOCCIOLA BIO,chocopasta
OATLY HAVER,niet-melk
OERD MEERGR,brood
OETKER PIZZA,pizza
OLIJFOLIE,olie
OLIJFOLIE EV,olie
ONTBIJTKOEK,ontbijtkoek
ONTBIJTSPEK,vlees
PANDANRIJST,rijst
PANNENSPONS,schoonmaakspullen
PARADONTAX,tandpasta
PARMIGGIANO,kaas
PARODONTAX,tandpasta
PASSATA DI P,tomatenmeuk
PEIJNENBURG,ontbijtkoek
PERLA BONEN,koffie
PESTO ALLA G,pesto
PESTO VEGAN,pesto
PHILADELPHIA,smeermeuk
PHILIPS,elektra
PHILIPS LED,elektra
PINDAKAAS,pindakaas
PINK LADY,appels
PIZZADEEG,pizza
PL FIL AMER,vleesbeleg
PLANT HUMMUS,smeermeuk
PR TONIJNST,vis
PT CROISSANT,broodjes
QUAK CRUESLI,muesli en cruesli
REMIA,mayonaisse
RIJSTOLIE,olie
RISOTTORIJST,rijst
RODE DRUIVEN,druiven
RODE PESTO,pesto
ROOKWORST,vlees
SAI NOODLES,noodles
SAMBAL SURIN,overig
SCHENKSTROOP,honing en stroop
SCHIMMELREIN,schoonmaakspullen
SCHNITZEL,vlees
SCHOUDERHAM,vleesbeleg
SERVET NUTTC,schoonmaakspullen
SHOARMA,vlees
SINAASAPPEL,citrusvruchten
SLAGERSROOKW,vleesbeleg
SOEP IN ZAK,soep
SOJADRINK,niet-melk
STEGEMAN,vleesbeleg
STOKBROOD,stokbrood
STOKBROOD W,stokbrood
STOOFSTUKJES,niet vlees
SWIRL ZAKKEN,schoonmaakspullen
T IJ NIJPA,bier
TAGLIATELLE,pasta
TAPASSCHOTEL,tussendoor
TARWEMEEL,bloem
THEEWORST,vleesbeleg
TIJM,kruiden
TOMAATBLOKJE,tomaten
TONIJN SAL,vis
TUINERWTEN,peulvruchten
UNOX SIZ,soep
UNOX SOEP,soep
V KIPSTUKJES,niet vlees
VAATDOEK,schoonmaakspullen
VARTA,elektra
VARTA RC AAA,elektra
VEG SLAGER,niet vlees
VEGA SLAGER,niet vlees
VEGETARISCHE,niet vlees
VENZ VLOKKEN,hagelslag
VERSTEGEN,kruiden
VIOLIFE,boter
VIV GEHAKT,niet vlees
VIV SHOARMA,niet vlees
VIVERA GYROS,niet vlees
VIVERA SCHNI,niet vlees
VIVERA SPEKC,niet vlees
VLOER MRG,brood
VLOER WALDKO,brood
VLOER WIT,brood
VLOERBROOD M,brood
VS BEEF,niet vlees
VS HAMPLAK,niet vlees
VS RULGEHAKT,niet vlees
VS WORST,niet vlees
VUILNISZAK,schoonmaakspullen
WAGNER PIZZA,pizza
WASA VOLK,knackebrot
WATERMELOEN,watermeloen
WITTE BONEN,peulvruchten
ZAANSE MAYO,mayonaisse
ZK OREGANO,kruiden
ZK STERANIJS,kruiden
ZK ZWART PEP,kruiden
ZON BOUILLON,bouillon
ZONNEBL OLIE,olie
